{"train_losses": [1.7394327772959972, 1.6426137326114467, 1.5917047052495261, 1.5868237413831356, 1.5684056182914197, 1.564734915934646, 1.561334826544658, 1.5643581085876106, 1.5634890878632632, 1.554771434904924], "train_accuracies": [77.37166666666667, 86.125, 89.34666666666666, 90.83166666666666, 92.33, 92.015, 89.605, 93.43833333333333, 90.85, 92.48833333333333], "test_accuracies": [77.94, 86.43, 89.66, 90.49, 92.08, 91.99, 89.97, 93.45, 90.97, 92.93]}