{"train_losses": [1.8619894619866662, 1.5770713685799012], "train_accuracies": [45.144, 54.968], "test_accuracies": [44.88, 54.61]}